"culture","Intercept","Population","Contact","Interaction"
"Malekula",-11.8132805350385,-4.30050406610458,-10.3333012045216,-3.07895482807337
"Tikopia",-5.38069518106695,-2.56141804797296,-4.39462782016496,-3.1090210321746
"Santa Cruz",-4.5383844473721,-2.79258337065968,-3.70741432695868,-2.68717466626222
"Yap",-3.93039658231364,-6.263882926643,-3.41246380871884,-4.37080469055912
"Lau Fiji",-2.76005989367001,-2.74263283664223,-3.11142933894269,-3.01738090024301
"Trobriand",-7.00608593130723,-6.08440791850971,-9.10151411306366,-8.88477426781872
"Chuuk",-3.27664540816814,-3.46419955817789,-2.98438875790931,-2.96430361715862
"Manus",-3.36865490362867,-3.79313498378392,-2.8998597529611,-2.92426470019711
"Tonga",-8.78657711975427,-6.37652287209977,-7.68918465949957,-7.24007542856376
"Hawaii",-20.007284403191,-4.0606195708335,-28.7025651702402,-5.53982283402361
